src/components/pages/Home/HomePage/HomePage.scss,,,,,,,,,,,,,,,,,,,
1/28/2019,3/22/2019,,,,,,,,,,,,,,,,,,
16,16,,,,,,,,,,,,,,,,,,
src/components/organisms/Modal/Modal.scss,,,,,,,,,,,,,,,,,,,
11/27/2018,11/27/2018,12/6/2018,1/17/2019,1/17/2019,,,,,,,,,,,,,,,
34,55,55,54,54,,,,,,,,,,,,,,,
src/components/organisms/Accordion/Accordion.scss,,,,,,,,,,,,,,,,,,,
1/16/2019,1/17/2019,1/22/2019,4/29/2019,4/30/2019,,,,,,,,,,,,,,,
38,38,48,0,53,,,,,,,,,,,,,,,
src/components/organisms/EmployeeOrderWorkflow/PreInfo/PreInfo.scss,,,,,,,,,,,,,,,,,,,
3/14/2019,,,,,,,,,,,,,,,,,,,
7,,,,,,,,,,,,,,,,,,,
src/components/organisms/AutocompleteInput/AutocompleteInput.scss,,,,,,,,,,,,,,,,,,,
3/29/2019,,,,,,,,,,,,,,,,,,,
18,,,,,,,,,,,,,,,,,,,
src/components/organisms/SearchHeader/SearchHeader.scss,,,,,,,,,,,,,,,,,,,
5/21/2019,5/21/2019,,,,,,,,,,,,,,,,,,
5,3,,,,,,,,,,,,,,,,,,
src/components/organisms/Grid/Grid.scss,,,,,,,,,,,,,,,,,,,
12/12/2018,12/13/2018,12/14/2018,12/14/2018,12/14/2018,12/21/2018,12/21/2018,1/11/2019,1/17/2019,1/17/2019,2/1/2019,2/1/2019,4/3/2019,4/15/2019,,,,,,
33,29,38,39,30,71,71,72,72,88,88,88,92,96,,,,,,
src/components/organisms/Input/Input.scss,,,,,,,,,,,,,,,,,,,
11/13/2018,11/21/2018,12/10/2018,12/11/2018,12/18/2018,12/18/2018,12/28/2018,1/8/2019,1/11/2019,1/17/2019,1/31/2019,1/31/2019,1/31/2019,3/27/2019,4/3/2019,4/3/2019,5/20/2019,5/20/2019,5/20/2019,5/24/2019
137,138,138,144,147,147,146,147,148,141,141,143,170,177,106,107,117,136,141,141
src/components/organisms/ProductStickyBar/ProductStickyBar.scss,,,,,,,,,,,,,,,,,,,
1/24/2019,,,,,,,,,,,,,,,,,,,
9,,,,,,,,,,,,,,,,,,,
src/components/organisms/HP/HPWelfare/HPWelfare.scss,,,,,,,,,,,,,,,,,,,
4/15/2019,,,,,,,,,,,,,,,,,,,
8,,,,,,,,,,,,,,,,,,,
src/components/organisms/PhoneInput/PhoneInput.scss,,,,,,,,,,,,,,,,,,,
11/28/2018,12/4/2018,12/4/2018,12/4/2018,12/4/2018,12/4/2018,12/5/2018,12/10/2018,1/17/2019,1/17/2019,1/31/2019,3/27/2019,3/27/2019,,,,,,,
138,76,72,76,77,156,163,162,170,160,160,161,163,,,,,,,
src/components/atoms/SlideFromLeft/SlideFromLeft.scss,,,,,,,,,,,,,,,,,,,
12/27/2018,1/29/2019,,,,,,,,,,,,,,,,,,
13,33,,,,,,,,,,,,,,,,,,
src/components/atoms/Hr/Hr.scss,,,,,,,,,,,,,,,,,,,
11/12/2018,11/21/2018,12/10/2018,,,,,,,,,,,,,,,,,
8,8,8,,,,,,,,,,,,,,,,,
src/components/atoms/Bar/Bar.scss,,,,,,,,,,,,,,,,,,,
11/14/2018,11/21/2018,12/10/2018,,,,,,,,,,,,,,,,,
13,13,13,,,,,,,,,,,,,,,,,
src/components/atoms/WithLabel/WithLabel.scss,,,,,,,,,,,,,,,,,,,
2/18/2019,2/18/2019,2/18/2019,2/18/2019,2/18/2019,,,,,,,,,,,,,,,
15,28,28,31,12,,,,,,,,,,,,,,,
src/components/atoms/Textarea/Textarea.scss,,,,,,,,,,,,,,,,,,,
5/3/2019,5/3/2019,5/3/2019,,,,,,,,,,,,,,,,,
3,55,58,,,,,,,,,,,,,,,,,
src/components/atoms/Welcome/Welcome.scss,,,,,,,,,,,,,,,,,,,
11/23/2018,12/6/2018,12/21/2018,12/21/2018,12/21/2018,3/22/2019,,,,,,,,,,,,,,
12,17,21,20,21,21,,,,,,,,,,,,,,
src/components/atoms/SlideFromTop/SlideFromTop.scss,,,,,,,,,,,,,,,,,,,
12/13/2018,12/13/2018,12/13/2018,12/27/2018,12/28/2018,1/10/2019,1/10/2019,,,,,,,,,,,,,
6,1,7,13,18,19,33,,,,,,,,,,,,,
src/components/atoms/WithBox/WithBox.scss,,,,,,,,,,,,,,,,,,,
12/19/2018,1/22/2019,1/31/2019,1/31/2019,1/31/2019,2/5/2019,,,,,,,,,,,,,,
14,23,23,28,21,25,,,,,,,,,,,,,,
src/components/atoms/ContainerBorder/ContainerBorder.scss,,,,,,,,,,,,,,,,,,,
12/28/2018,2/18/2019,,,,,,,,,,,,,,,,,,
37,1,,,,,,,,,,,,,,,,,,
src/components/atoms/ProductImage/ProductImage.scss,,,,,,,,,,,,,,,,,,,
12/19/2018,1/31/2019,2/21/2019,4/23/2019,4/26/2019,4/30/2019,,,,,,,,,,,,,,
8,8,13,12,22,22,,,,,,,,,,,,,,
src/components/atoms/Carousel/Carousel.scss,,,,,,,,,,,,,,,,,,,
11/23/2018,12/6/2018,12/21/2018,1/11/2019,1/17/2019,2/14/2019,2/14/2019,3/27/2019,4/15/2019,4/16/2019,4/16/2019,4/19/2019,4/19/2019,4/23/2019,,,,,,
94,95,92,104,104,263,215,222,226,223,223,223,223,224,,,,,,
src/components/atoms/BoxWithTitle/BoxWithTitle.scss,,,,,,,,,,,,,,,,,,,
12/3/2018,12/14/2018,1/17/2019,,,,,,,,,,,,,,,,,
27,23,23,,,,,,,,,,,,,,,,,
src/components/atoms/HorizontalScroll/HorizontalScroll.scss,,,,,,,,,,,,,,,,,,,
12/13/2018,12/13/2018,12/13/2018,12/13/2018,12/14/2018,12/14/2018,12/14/2018,2/5/2019,2/14/2019,3/14/2019,,,,,,,,,,
46,48,53,82,89,89,89,106,99,99,,,,,,,,,,
src/components/atoms/StatusNotifier/StatusNotifier.scss,,,,,,,,,,,,,,,,,,,
4/8/2019,,,,,,,,,,,,,,,,,,,
18,,,,,,,,,,,,,,,,,,,
src/components/atoms/FilterSetTitle/FilterSetTitle.scss,,,,,,,,,,,,,,,,,,,
3/29/2019,,,,,,,,,,,,,,,,,,,
7,,,,,,,,,,,,,,,,,,,
src/components/atoms/Icon/Icon.scss,,,,,,,,,,,,,,,,,,,
11/14/2018,11/14/2018,11/16/2018,11/19/2018,1/17/2019,1/17/2019,1/18/2019,1/21/2019,1/21/2019,1/22/2019,1/29/2019,3/14/2019,3/27/2019,3/27/2019,,,,,,
29,28,28,21,23,20,21,26,21,21,18,22,24,19,,,,,,
src/components/atoms/SpaceBetween/SpaceBetween.scss,,,,,,,,,,,,,,,,,,,
12/19/2018,12/21/2018,,,,,,,,,,,,,,,,,,
10,21,,,,,,,,,,,,,,,,,,
src/components/atoms/BackDrop/BackDrop.scss,,,,,,,,,,,,,,,,,,,
2/14/2019,3/27/2019,4/19/2019,,,,,,,,,,,,,,,,,
15,16,16,,,,,,,,,,,,,,,,,
src/components/HorizontalTranslate/HorizontalTranslate.scss,,,,,,,,,,,,,,,,,,,
2/14/2019,2/14/2019,2/14/2019,3/27/2019,,,,,,,,,,,,,,,,
27,26,26,27,,,,,,,,,,,,,,,,
src/components/atoms/FixedContainer/FixedContainer.scss,,,,,,,,,,,,,,,,,,,
12/24/2018,12/27/2018,12/28/2018,1/17/2019,1/24/2019,2/5/2019,,,,,,,,,,,,,,
6,11,5,6,6,6,,,,,,,,,,,,,,
src/components/atoms/Paragraph/Paragraph.scss,,,,,,,,,,,,,,,,,,,
11/21/2018,12/10/2018,12/14/2018,12/20/2018,,,,,,,,,,,,,,,,
5,8,5,9,,,,,,,,,,,,,,,,
src/components/atoms/SearchBar/SearchBar.scss,,,,,,,,,,,,,,,,,,,
1/31/2019,3/14/2019,3/14/2019,,,,,,,,,,,,,,,,,
34,18,18,,,,,,,,,,,,,,,,,
src/components/atoms/Centered/Centered.scss,,,,,,,,,,,,,,,,,,,
12/6/2018,12/19/2018,,,,,,,,,,,,,,,,,,
6,5,,,,,,,,,,,,,,,,,,
src/components/atoms/Switch/Switch.scss,,,,,,,,,,,,,,,,,,,
12/19/2018,12/19/2018,12/21/2018,1/31/2019,1/31/2019,3/29/2019,,,,,,,,,,,,,,
69,70,70,70,75,77,,,,,,,,,,,,,,
src/components/atoms/Logo/Logo.scss,,,,,,,,,,,,,,,,,,,
11/23/2018,1/31/2019,1/31/2019,3/14/2019,3/22/2019,4/5/2019,4/5/2019,5/22/2019,,,,,,,,,,,,
7,22,22,22,22,23,23,24,,,,,,,,,,,,
src/components/atoms/QueryResultLabel/QueryResultLabel.scss,,,,,,,,,,,,,,,,,,,
4/3/2019,,,,,,,,,,,,,,,,,,,
5,,,,,,,,,,,,,,,,,,,
src/components/atoms/TranslateFromTop/TranslateFromTop.scss,,,,,,,,,,,,,,,,,,,
1/24/2019,1/24/2019,1/31/2019,,,,,,,,,,,,,,,,,
13,13,13,,,,,,,,,,,,,,,,,
src/components/atoms/WithTooltip/WithTooltip.scss,,,,,,,,,,,,,,,,,,,
12/3/2018,12/4/2018,2/7/2019,,,,,,,,,,,,,,,,,
5,6,6,,,,,,,,,,,,,,,,,
src/components/atoms/SimpleInput/SimpleInput.scss,,,,,,,,,,,,,,,,,,,
3/3/2019,,,,,,,,,,,,,,,,,,,
32,,,,,,,,,,,,,,,,,,,
src/components/atoms/MultiColumnGrid/MultiColumnGrid.scss,,,,,,,,,,,,,,,,,,,
1/23/2019,,,,,,,,,,,,,,,,,,,
6,,,,,,,,,,,,,,,,,,,
src/components/atoms/WithBullet/WithBullet.scss,,,,,,,,,,,,,,,,,,,
12/4/2018,12/4/2018,12/4/2018,12/4/2018,12/4/2018,12/14/2018,1/22/2019,,,,,,,,,,,,,
7,8,9,0,13,13,15,,,,,,,,,,,,,
src/components/atoms/BackToTop/BackToTop.scss,,,,,,,,,,,,,,,,,,,
12/20/2018,12/20/2018,1/17/2019,1/22/2019,1/31/2019,1/31/2019,1/31/2019,2/5/2019,5/22/2019,,,,,,,,,,,
28,29,35,36,36,36,38,38,20,,,,,,,,,,,
src/components/atoms/WithDoubtBox/WithDoubtBox.scss,,,,,,,,,,,,,,,,,,,
1/22/2019,1/22/2019,,,,,,,,,,,,,,,,,,
5,6,,,,,,,,,,,,,,,,,,
src/components/molecules/PageBanner/PageBanner.scss,,,,,,,,,,,,,,,,,,,
12/19/2018,1/17/2019,1/17/2019,1/22/2019,1/22/2019,1/31/2019,,,,,,,,,,,,,,
11,10,10,9,9,9,,,,,,,,,,,,,,
src/components/TranslatingModal/TranslatingModal.scss,,,,,,,,,,,,,,,,,,,
2/14/2019,2/14/2019,2/14/2019,2/14/2019,2/14/2019,3/12/2019,3/14/2019,3/14/2019,3/15/2019,3/18/2019,3/21/2019,3/26/2019,3/27/2019,3/27/2019,3/28/2019,,,,,
27,36,43,29,30,34,34,42,42,43,47,51,56,57,58,,,,,
src/components/molecules/TopMostButton/TopMostButton.scss,,,,,,,,,,,,,,,,,,,
4/24/2019,,,,,,,,,,,,,,,,,,,
11,,,,,,,,,,,,,,,,,,,
src/components/ProductDetailAbstract/ProductDetailAbstract.scss,,,,,,,,,,,,,,,,,,,
12/13/2018,12/13/2018,12/19/2018,12/19/2018,12/19/2018,12/21/2018,2/15/2019,,,,,,,,,,,,,
13,12,11,12,9,16,9,,,,,,,,,,,,,
src/components/molecules/Typography/Title/Title.scss,,,,,,,,,,,,,,,,,,,
12/12/2018,1/22/2019,,,,,,,,,,,,,,,,,,
9,7,,,,,,,,,,,,,,,,,,
src/components/molecules/Typography/NavTertiary/NavTertiary.scss,,,,,,,,,,,,,,,,,,,
1/17/2019,1/23/2019,3/8/2019,,,,,,,,,,,,,,,,,
19,18,22,,,,,,,,,,,,,,,,,
src/components/molecules/Typography/NavLink/NavLink.scss,,,,,,,,,,,,,,,,,,,
3/12/2019,,,,,,,,,,,,,,,,,,,
11,,,,,,,,,,,,,,,,,,,
src/components/molecules/Typography/NavPrimary/NavPrimary.scss,,,,,,,,,,,,,,,,,,,
1/17/2019,3/8/2019,,,,,,,,,,,,,,,,,,
19,23,,,,,,,,,,,,,,,,,,
src/components/Typography/NavSecondary/NavSecondary.scss,,,,,,,,,,,,,,,,,,,
1/17/2019,1/23/2019,1/29/2019,1/30/2019,3/8/2019,3/14/2019,4/17/2019,,,,,,,,,,,,,
19,22,21,25,29,30,36,,,,,,,,,,,,,
src/components/molecules/SearchFilters/SearchFilters.scss,,,,,,,,,,,,,,,,,,,
2/1/2019,2/1/2019,2/5/2019,2/14/2019,3/27/2019,3/28/2019,,,,,,,,,,,,,,
12,16,17,22,22,25,,,,,,,,,,,,,,
src/components/molecules/WalletTotal/WalletTotal.scss,,,,,,,,,,,,,,,,,,,
1/31/2019,1/31/2019,3/22/2019,,,,,,,,,,,,,,,,,
17,35,35,,,,,,,,,,,,,,,,,
src/components/molecules/RankingNumber/RankingNumber.scss,,,,,,,,,,,,,,,,,,,
4/16/2019,,,,,,,,,,,,,,,,,,,
10,,,,,,,,,,,,,,,,,,,
src/components/molecules/NumbersBox/NumbersBox.scss,,,,,,,,,,,,,,,,,,,
12/6/2018,12/21/2018,12/21/2018,3/22/2019,,,,,,,,,,,,,,,,
17,27,31,31,,,,,,,,,,,,,,,,
src/components/molecules/Steps/Steps.scss,,,,,,,,,,,,,,,,,,,
11/22/2018,1/17/2019,1/17/2019,,,,,,,,,,,,,,,,,
99,111,110,,,,,,,,,,,,,,,,,
src/components/molecules/ProgressBar/ProgressBar.scss,,,,,,,,,,,,,,,,,,,
2/20/2019,2/20/2019,4/8/2019,,,,,,,,,,,,,,,,,
15,16,24,,,,,,,,,,,,,,,,,
src/components/molecules/Footer/Footer.scss,,,,,,,,,,,,,,,,,,,
12/11/2018,12/19/2018,1/17/2019,1/22/2019,2/8/2019,5/22/2019,,,,,,,,,,,,,,
26,26,26,30,27,27,,,,,,,,,,,,,,
src/components/molecules/ShadowedBadge/ShadowedBadge.scss,,,,,,,,,,,,,,,,,,,
4/2/2019,,,,,,,,,,,,,,,,,,,
8,,,,,,,,,,,,,,,,,,,
src/components/molecules/Button/Button.scss,,,,,,,,,,,,,,,,,,,
5/22/2019,,,,,,,,,,,,,,,,,,,
111,,,,,,,,,,,,,,,,,,,
src/components/molecules/Badge/Badge.scss,,,,,,,,,,,,,,,,,,,
1/16/2019,1/16/2019,1/18/2019,1/22/2019,4/10/2019,,,,,,,,,,,,,,,
33,38,35,34,39,,,,,,,,,,,,,,,
src/components/molecules/LoadingText/LoadingText.scss,,,,,,,,,,,,,,,,,,,
11/21/2018,,,,,,,,,,,,,,,,,,,
26,,,,,,,,,,,,,,,,,,,
src/components/molecules/ProductIsNew/ProductIsNew.scss,,,,,,,,,,,,,,,,,,,
2/15/2019,,,,,,,,,,,,,,,,,,,
9,,,,,,,,,,,,,,,,,,,
src/components/StartPageInfoBoxes/StartPageInfoBoxes.scss,,,,,,,,,,,,,,,,,,,
12/21/2018,12/21/2018,1/31/2019,,,,,,,,,,,,,,,,,
32,37,37,,,,,,,,,,,,,,,,,
src/components/molecules/SearchResults/SearchResults.scss,,,,,,,,,,,,,,,,,,,
1/31/2019,1/31/2019,1/31/2019,1/31/2019,1/31/2019,2/20/2019,,,,,,,,,,,,,,
64,68,17,16,16,13,,,,,,,,,,,,,,
src/components/molecules/ContactBox/ContactBox.scss,,,,,,,,,,,,,,,,,,,
12/6/2018,12/10/2018,12/17/2018,12/19/2018,12/19/2018,1/16/2019,1/22/2019,5/22/2019,,,,,,,,,,,,
33,33,33,35,35,23,20,20,,,,,,,,,,,,
src/components/molecules/SearchOptions/SearchOptions.scss,,,,,,,,,,,,,,,,,,,
1/31/2019,1/31/2019,1/31/2019,1/31/2019,2/5/2019,2/19/2019,,,,,,,,,,,,,,
25,19,19,23,23,5,,,,,,,,,,,,,,
src/components/molecules/FeedbackAlert/FeedbackAlert.scss,,,,,,,,,,,,,,,,,,,
1/16/2019,1/16/2019,1/16/2019,1/22/2019,,,,,,,,,,,,,,,,
69,64,65,54,,,,,,,,,,,,,,,,
src/components/molecules/SearchFilterSet/SearchFilterSet.scss,,,,,,,,,,,,,,,,,,,
2/1/2019,2/5/2019,,,,,,,,,,,,,,,,,,
15,15,,,,,,,,,,,,,,,,,,
